run_date,change_type,unique_id,primary_name,designation_type,regime,fields_changed,detail
2026-10-06,Removed,SYR0090,Houmam Jazai'iri,Individual,The Syria (Sanctions) (EU Exit) Regulations 2019,,
2026-10-06,Amended,GHR0179,Zhi Chen,Individual,The Global Human Rights Sanctions Regulations 2020,Primary name; Aliases and name variations,Primary name: 'Zhi CHEN' to 'Zhi Chen' | Aliases and name variations: 'Vincent; Zhi Chen' to 'Vincent; Zhi CHEN'
2026-10-07,Removed,IRQ0053,LOGARCHEO S.A.,Entity,The Iraq (Sanctions) (EU Exit) Regulations 2020,,
2026-10-08,Added,RUS3753,LIMITED LIABILITY COMPANY COMMERCIAL BANK 'STOLICHNY KREDIT',Entity,The Russia (Sanctions) (EU Exit) Regulations 2019,,Sanctions imposed: Asset freeze; Director Disqualification Sanction; Prohibition on correspondent banking relationships and processing payments; Trust Services Sanctions
2026-10-08,Added,RUS3754,JOINT STOCK COMPANY PLANETA,Entity,The Russia (Sanctions) (EU Exit) Regulations 2019,,Sanctions imposed: Asset freeze; Correspondent Banking Sanctions and processing payments; Director Disqualification Sanction; Internet Services Sanctions: see 'Other Information'; Trust Services Sanctions
2026-10-08,Added,RUS3755,XELTOX ENTERPRISES LTD,Entity,The Russia (Sanctions) (EU Exit) Regulations 2019,,Sanctions imposed: Asset freeze; Correspondent Banking Sanctions and processing payments; Director Disqualification Sanction; Internet Services Sanctions: see 'Other Information'; Trust Services Sanctions
2026-10-08,Added,RUS3756,OJSC PROCESSING KG,Entity,The Russia (Sanctions) (EU Exit) Regulations 2019,,Sanctions imposed: Asset freeze; Correspondent Banking Sanctions and processing payments; Director Disqualification Sanction; Internet Services Sanctions: see 'Other Information'; Trust Services Sanctions
2026-10-08,Added,RUS3757,Ulan Arymbaevich BUKABAEV,Individual,The Russia (Sanctions) (EU Exit) Regulations 2019,,Sanctions imposed: Asset freeze; Director Disqualification Sanction; Travel Ban; Trust Services Sanctions
2026-10-08,Added,RUS3758,TOKENSPOT CJSC,Entity,The Russia (Sanctions) (EU Exit) Regulations 2019,,Sanctions imposed: Asset freeze; Correspondent Banking Sanctions and processing payments; Director Disqualification Sanction; Internet Services Sanctions: see 'Other Information'; Trust Services Sanctions
2026-10-08,Added,RUS3759,PRIME TOP LLC,Entity,The Russia (Sanctions) (EU Exit) Regulations 2019,,Sanctions imposed: Asset freeze; Director Disqualification Sanction; Trust Services Sanctions
2026-10-08,Added,RUS3760,REDWING METAL ULUSLARARASI TICARET ANONIM SIRKETI,Entity,The Russia (Sanctions) (EU Exit) Regulations 2019,,Sanctions imposed: Asset freeze; Director Disqualification Sanction; Trust Services Sanctions
2026-10-08,Added,RUS3761,Alexander Jan Hendrik TATTERSALL,Individual,The Russia (Sanctions) (EU Exit) Regulations 2019,,Sanctions imposed: Asset freeze; Director Disqualification Sanction; Travel Ban; Trust Services Sanctions
2026-10-08,Added,RUS3762,"GOODWAY MACHINE (WUJIANG) CO.,LTD",Entity,The Russia (Sanctions) (EU Exit) Regulations 2019,,Sanctions imposed: Asset freeze; Director Disqualification Sanction; Trust Services Sanctions
2026-10-08,Added,RUS3763,TSUNAMI PAYMENTS LLC,Entity,The Russia (Sanctions) (EU Exit) Regulations 2019,,Sanctions imposed: Asset freeze; Correspondent Banking Sanctions and processing payments; Director Disqualification Sanction; Internet Services Sanctions: see 'Other Information'; Trust Services Sanctions
2026-10-08,Added,RUS3764,SHANDONG XINYILU INTERNATIONAL TRADE CO LTD,Entity,The Russia (Sanctions) (EU Exit) Regulations 2019,,Sanctions imposed: Asset freeze; Director Disqualification Sanction; Trust Services Sanctions
2026-10-08,Added,RUS3765,ALBION LLC,Entity,The Russia (Sanctions) (EU Exit) Regulations 2019,,Sanctions imposed: Asset freeze; Director Disqualification Sanction; Trust Services Sanctions
2026-10-08,Added,RUS3766,SIDAS PLUS LLC,Entity,The Russia (Sanctions) (EU Exit) Regulations 2019,,Sanctions imposed: Asset freeze; Director Disqualification Sanction; Trust Services Sanctions
2026-10-08,Added,RUS3767,INTER SHIPPING AND TRANSPORT CO LTD,Entity,The Russia (Sanctions) (EU Exit) Regulations 2019,,Sanctions imposed: Asset freeze; Director Disqualification Sanction; Trust Services Sanctions
2026-10-08,Added,RUS3768,JSC COMPLEX SUPPLIES,Entity,The Russia (Sanctions) (EU Exit) Regulations 2019,,Sanctions imposed: Asset freeze; Director Disqualification Sanction; Trust Services Sanctions
2026-10-08,Added,RUS3769,OOO SANTEK 2,Entity,The Russia (Sanctions) (EU Exit) Regulations 2019,,Sanctions imposed: Asset freeze; Director Disqualification Sanction; Trust Services Sanctions
2026-10-08,Added,RUS3770,ENEL LLC,Entity,The Russia (Sanctions) (EU Exit) Regulations 2019,,Sanctions imposed: Asset freeze; Director Disqualification Sanction; Trust Services Sanctions
2026-10-08,Added,RUS3771,TRACK JSC,Entity,The Russia (Sanctions) (EU Exit) Regulations 2019,,Sanctions imposed: Asset freeze; Director Disqualification Sanction; Trust Services Sanctions
2026-10-08,Added,RUS3772,LLC TD VEKPROM,Entity,The Russia (Sanctions) (EU Exit) Regulations 2019,,Sanctions imposed: Asset freeze; Director Disqualification Sanction; Trust Services Sanctions
2026-10-08,Added,RUS3773,YANGZHOU DEVELOPING IMP&EXP CO LTD,Entity,The Russia (Sanctions) (EU Exit) Regulations 2019,,Sanctions imposed: Asset freeze; Director Disqualification Sanction; Trust Services Sanctions
2026-10-08,Added,RUS3774,LLC PHOBOS MACHINES,Entity,The Russia (Sanctions) (EU Exit) Regulations 2019,,Sanctions imposed: Asset freeze; Director Disqualification Sanction; Trust Services Sanctions
2026-10-08,Added,RUS3775,IMO 9332614 ('BELLARIS'),Ship,The Russia (Sanctions) (EU Exit) Regulations 2019,,Sanctions imposed: Shipping & Trade Sanctions: see 'Other Information'
2026-10-08,Added,RUS3776,IMO 9251743 ('DAKAR'),Ship,The Russia (Sanctions) (EU Exit) Regulations 2019,,Sanctions imposed: Shipping & Trade Sanctions: see 'Other Information'
2026-10-08,Added,RUS3777,IMO 9321677 ('DAPHNE V'),Ship,The Russia (Sanctions) (EU Exit) Regulations 2019,,Sanctions imposed: Shipping & Trade Sanctions: see 'Other Information'
2026-10-08,Added,RUS3778,IMO 9314179 ('FLINT WIND'),Ship,The Russia (Sanctions) (EU Exit) Regulations 2019,,Sanctions imposed: Shipping & Trade Sanctions: see 'Other Information'
2026-10-08,Added,RUS3779,LLC INNOVATIVE CENTER FOR METALWORKING,Entity,The Russia (Sanctions) (EU Exit) Regulations 2019,,Sanctions imposed: Asset freeze; Director Disqualification Sanction; Trust Services Sanctions
2026-10-08,Added,RUS3780,Egor Andreevich ISAEV,Individual,The Russia (Sanctions) (EU Exit) Regulations 2019,,Sanctions imposed: Asset freeze; Director Disqualification Sanction; Travel Ban; Trust Services Sanctions
2026-10-08,Added,RUS3781,ZARUBEZHNEFT JSC,Entity,The Russia (Sanctions) (EU Exit) Regulations 2019,,Sanctions imposed: Asset freeze; Director Disqualification Sanction; Transport sanctions: see 'Other information'; Trust Services Sanctions
2026-10-08,Added,RUS3782,JSC INK-CAPITAL,Entity,The Russia (Sanctions) (EU Exit) Regulations 2019,,Sanctions imposed: Asset freeze; Director Disqualification Sanction; Transport sanctions: see 'Other information'; Trust Services Sanctions
2026-10-08,Added,RUS3783,IMO 9356610 ('ALEXANDER NEVSKIY'),Ship,The Russia (Sanctions) (EU Exit) Regulations 2019,,Sanctions imposed: Shipping & Trade Sanctions: see 'Other Information'
2026-10-08,Added,RUS3784,IMO 9326885 ('ANAYA'),Ship,The Russia (Sanctions) (EU Exit) Regulations 2019,,Sanctions imposed: Shipping & Trade Sanctions: see 'Other Information'
2026-10-08,Added,RUS3785,IMO 9255268 ('ANDREY PERVOZVANNIY'),Ship,The Russia (Sanctions) (EU Exit) Regulations 2019,,Sanctions imposed: Shipping & Trade Sanctions: see 'Other Information'
2026-10-08,Added,RUS3786,IMO 9735141 ('MIDVOLGA-3'),Ship,The Russia (Sanctions) (EU Exit) Regulations 2019,,Sanctions imposed: Shipping & Trade Sanctions: see 'Other Information'
2026-10-08,Added,RUS3787,IMO 9255282 ('PIONEER'),Ship,The Russia (Sanctions) (EU Exit) Regulations 2019,,Sanctions imposed: Shipping & Trade Sanctions: see 'Other Information'
2026-10-08,Added,RUS3788,IMO 9645023 ('VASILY SURIKOV'),Ship,The Russia (Sanctions) (EU Exit) Regulations 2019,,Sanctions imposed: Shipping & Trade Sanctions: see 'Other Information'
2026-10-08,Added,RUS3789,IMO 9332171 ('VIRENT'),Ship,The Russia (Sanctions) (EU Exit) Regulations 2019,,Sanctions imposed: Shipping & Trade Sanctions: see 'Other Information'
2026-10-08,Added,RUS3790,IMO 9243320 ('YEHOPE'),Ship,The Russia (Sanctions) (EU Exit) Regulations 2019,,Sanctions imposed: Shipping & Trade Sanctions: see 'Other Information'
2026-10-08,Amended,LIB0016,Kinloss Property Limited,Entity,The Libya (Sanctions) (EU Exit) Regulations 2020,Other information,Other information text changed
2026-10-08,Amended,RUS0238,"State Corporation for the Promotion of the Development, Manufacture and Export of High Technology Products 'Rostec'",Entity,The Russia (Sanctions) (EU Exit) Regulations 2019,Sanctions imposed; Other information,Sanctions imposed: 'Asset freeze; Director Disqualification Sanction; Trust Services Sanctions' to 'Asset freeze; Correspondent Banking Sanctions and processing payments; Director Disqualification Sanction; Internet S...' | Other information text changed
2026-10-08,Amended,RUS2436,FEDERALNOE KAZENNOE PREDPRIIATIE GOSUDARSTVENNYI NAUCHNO ISSLEDOVATELSKII INSTITUT KHIMICHESKIKH PRODUKTOV,Entity,The Russia (Sanctions) (EU Exit) Regulations 2019,Aliases and name variations,Aliases and name variations: 'FKP GOSNIIKHP; Federal State Enterprise 'State Research Institute of Chemical Products'; Federal State Institution St...' to 'FKP GOSNIIKHP; Federal State Enterprise 'State Research Institute of Chemical Products'; Federal State Institution St...'
2026-10-08,Amended,RUS3050,HeliCo Group LLC,Entity,The Russia (Sanctions) (EU Exit) Regulations 2019,Sanctions imposed; Other information,Sanctions imposed: 'Asset freeze; Director Disqualification Sanction; Technical assistance related to aircraft; Transport sanctions: see ...' to 'Asset freeze; Director Disqualification Sanction; Technical assistance related to aircraft; Transport Sanctions & Det...' | Other information text changed
